RecordNo,Label
1,ham
2,info
3,ham
4,ham
5,info
6,ham
7,ham
8,ham
9,spam
10,info
11,info
12,ham
13,info
14,spam
15,ham
16,info
17,ham
18,ham
19,ham
20,ham
21,info
22,ham
23,ham
24,ham
25,ham
26,ham
27,spam
28,ham
29,info
30,spam
31,info
32,info
33,ham
34,ham
35,ham
36,spam
37,ham
38,ham
39,spam
40,ham
41,ham
42,spam
43,ham
44,ham
45,info
46,ham
47,info
48,info
49,ham
50,info
51,ham
52,info
53,ham
54,ham
55,ham
56,ham
57,info
58,spam
59,ham
60,info
61,ham
62,info
63,info
64,ham
65,ham
66,ham
67,spam
68,ham
69,ham
70,ham
71,ham
72,info
73,ham
74,ham
75,info
76,spam
77,ham
78,info
79,spam
80,spam
81,info
82,ham
83,ham
84,info
85,ham
86,ham
87,ham
88,spam
89,spam
90,ham
91,spam
92,ham
93,info
94,ham
95,spam
96,info
97,ham
98,ham
99,ham
100,spam
101,ham
102,info
103,ham
104,ham
105,ham
106,spam
107,info
108,ham
109,spam
110,ham
111,ham
112,ham
113,ham
114,spam
115,ham
116,ham
117,ham
118,ham
119,info
120,info
121,info
122,ham
123,ham
124,ham
125,info
126,ham
127,info
128,ham
129,ham
130,spam
131,ham
132,spam
133,ham
134,ham
135,info
136,info
137,ham
138,spam
139,ham
140,info
141,info
142,spam
143,ham
144,ham
145,ham
146,ham
147,ham
148,ham
149,ham
150,info
151,info
152,spam
153,info
154,ham
155,ham
156,info
157,spam
158,ham
159,info
160,info
161,ham
162,ham
163,info
164,info
165,info
166,spam
167,info
168,ham
169,ham
170,ham
171,info
172,ham
173,info
174,info
175,ham
176,ham
177,ham
178,ham
179,ham
180,ham
181,info
182,spam
183,ham
184,ham
185,ham
186,ham
187,ham
188,ham
189,spam
190,info
191,info
192,ham
193,ham
194,info
195,ham
196,info
197,ham
198,info
199,spam
200,info
201,ham
202,ham
203,ham
204,ham
205,info
206,info
207,ham
208,info
209,info
210,spam
211,info
212,ham
213,info
214,spam
215,ham
216,info
217,spam
218,spam
219,ham
220,info
221,ham
222,info
223,info
224,ham
225,ham
226,info
227,info
228,info
229,ham
230,ham
231,spam
232,info
233,info
234,ham
235,info
236,info
237,ham
238,ham
239,spam
240,ham
241,spam
242,ham
243,ham
244,ham
245,ham
246,ham
247,info
248,ham
249,info
250,info
251,ham
252,ham
253,info
254,info
255,info
256,ham
257,info
258,ham
259,info
260,ham
261,spam
262,ham
263,ham
264,ham
265,ham
266,info
267,spam
268,spam
269,info
270,ham
271,spam
272,ham
273,ham
274,ham
275,ham
276,info
277,info
278,spam
279,ham
280,info
281,info
282,spam
283,ham
284,info
285,ham
286,info
287,ham
288,info
289,ham
290,info
291,ham
292,ham
293,info
294,spam
295,ham
296,ham
297,ham
298,ham
299,info
300,ham
301,ham
302,ham
303,spam
304,ham
305,ham
306,info
307,info
308,ham
309,ham
310,info
311,ham
312,info
313,ham
314,ham
315,info
316,ham
317,spam
318,ham
319,ham
320,spam
321,info
322,spam
323,info
324,info
325,ham
326,spam
327,ham
328,ham
329,ham
330,ham
331,ham
332,info
333,info
334,ham
335,ham
336,ham
337,spam
338,ham
339,ham
340,ham
341,info
342,info
343,info
344,ham
345,spam
346,info
347,spam
348,spam
349,spam
350,ham
351,ham
352,spam
353,spam
354,info
355,ham
356,ham
357,ham
358,info
359,ham
360,spam
361,spam
362,ham
363,info
364,ham
365,ham
366,ham
367,info
368,ham
369,ham
370,info
371,ham
372,ham
373,ham
374,spam
375,ham
376,ham
377,spam
378,info
379,spam
380,ham
381,ham
382,spam
383,ham
384,ham
385,info
386,info
387,ham
388,ham
389,ham
390,ham
391,ham
392,spam
393,spam
394,ham
395,ham
396,info
397,ham
398,ham
399,ham
400,ham
401,ham
402,info
403,ham
404,ham
405,ham
406,spam
407,info
408,ham
409,ham
410,ham
411,info
412,ham
413,info
414,info
415,ham
416,ham
417,info
418,ham
419,spam
420,ham
421,ham
422,info
423,ham
424,ham
425,ham
426,spam
427,spam
428,ham
429,info
430,ham
431,spam
432,spam
433,ham
434,info
435,ham
436,info
437,info
438,spam
439,ham
440,ham
441,ham
442,ham
443,ham
444,info
445,info
446,info
447,ham
448,spam
449,info
450,ham
451,ham
452,ham
453,ham
454,ham
455,info
456,ham
457,spam
458,info
459,info
460,ham
461,spam
462,ham
463,info
464,info
465,info
466,ham
467,ham
468,ham
469,ham
470,ham
471,info
472,ham
473,spam
474,ham
475,ham
476,ham
477,info
478,info
479,ham
480,spam
481,ham
482,ham
483,info
484,ham
485,info
486,ham
487,ham
488,ham
489,info
490,info
491,ham
492,ham
493,ham
494,info
495,ham
496,info
497,ham
498,info
499,ham
500,info
501,info
502,spam
503,ham
504,spam
505,info
506,ham
507,info
508,ham
509,info
510,ham
511,spam
512,ham
513,ham
514,info
515,spam
516,info
517,ham
518,spam
519,ham
520,info
521,info
522,ham
523,ham
524,info
525,info
526,ham
527,spam
528,info
529,ham
530,info
531,ham
532,info
533,ham
534,ham
535,ham
536,spam
537,ham
538,info
539,info
540,spam
541,ham
542,info
543,info
544,info
545,ham
546,ham
547,ham
548,info
549,spam
550,info
551,ham
552,spam
553,info
554,spam
555,ham
556,info
557,ham
558,info
559,spam
560,ham
561,ham
562,info
563,info
564,spam
565,info
566,info
567,spam
568,info
569,ham
570,ham
571,ham
572,info
573,ham
574,ham
575,ham
576,info
577,spam
578,ham
579,ham
580,ham
581,info
582,ham
583,info
584,ham
585,spam
586,spam
587,ham
588,ham
589,info
590,spam
591,ham
592,info
593,info
594,info
595,spam
596,ham
597,spam
598,ham
599,ham
600,info
601,ham
602,ham
603,info
604,ham
605,info
606,ham
607,ham
608,spam
609,info
610,info
611,ham
612,ham
613,info
614,ham
615,ham
616,info
617,info
618,ham
619,ham
620,info
621,ham
622,ham
623,info
624,ham
625,info
626,ham
627,ham
628,ham
629,info
630,info
631,ham
632,ham
633,spam
634,ham
635,ham
636,info
637,info
638,ham
639,info
640,info
641,ham
642,info
643,ham
644,ham
645,info
646,info
647,info
648,ham
649,info
650,ham
651,ham
652,info
653,info
654,info
655,ham
656,ham
657,ham
658,ham
659,spam
660,ham
661,info
662,info
663,ham
664,ham
665,info
666,ham
667,spam
668,spam
669,spam
670,ham
671,info
672,ham
673,spam
674,ham
675,info
676,spam
677,info
678,ham
679,ham
680,ham
681,info
682,info
683,info
684,ham
685,ham
686,ham
687,ham
688,ham
689,info
690,info
691,ham
692,info
693,ham
694,ham
695,ham
696,ham
697,ham
698,ham
699,spam
700,ham
701,ham
702,ham
703,info
704,ham
705,spam
706,info
707,info
708,ham
709,info
710,ham
711,ham
712,ham
713,spam
714,info
715,ham
716,ham
717,info
718,info
719,ham
720,ham
721,info
722,info
723,ham
724,ham
725,info
726,ham
727,ham
728,ham
729,info
730,ham
731,ham
732,info
733,info
734,ham
735,spam
736,info
737,ham
738,ham
739,ham
740,ham
741,info
742,ham
743,ham
744,ham
745,ham
746,ham
747,ham
748,info
749,info
750,ham
751,ham
752,spam
753,ham
754,info
755,spam
756,info
757,spam
758,spam
759,ham
760,spam
761,ham
762,spam
763,ham
764,ham
765,ham
766,ham
767,info
768,ham
769,info
770,info
771,info
772,spam
773,info
774,ham
775,info
776,info
777,info
778,ham
779,ham
780,ham
781,ham
782,ham
783,ham
784,ham
785,info
786,ham
787,spam
788,info
789,info
790,spam
791,info
792,ham
793,info
794,ham
795,info
796,spam
797,info
798,ham
799,info
800,info
801,info
802,ham
803,info
804,ham
805,ham
806,ham
807,ham
808,spam
809,spam
810,info
811,ham
812,info
813,info
814,spam
815,ham
816,ham
817,ham
818,ham
819,ham
820,ham
821,spam
822,ham
823,info
824,ham
825,ham
826,spam
827,info
828,ham
829,ham
830,info
831,info
832,info
833,info
834,ham
835,ham
836,ham
837,ham
838,ham
839,ham
840,ham
841,ham
842,info
843,ham
844,spam
845,info
846,info
847,info
848,info
849,ham
850,ham
851,info
852,spam
853,ham
854,ham
855,info
856,ham
857,spam
858,ham
859,ham
860,ham
861,info
862,ham
863,ham
864,ham
865,ham
866,info
867,ham
868,spam
869,spam
870,info
871,info
872,ham
873,info
874,info
875,ham
876,spam
877,ham
878,ham
879,info
880,ham
881,spam
882,ham
883,info
884,ham
885,spam
886,ham
887,ham
888,info
889,spam
890,info
891,ham
892,info
893,ham
894,info
895,info
896,ham
897,ham
898,info
899,ham
900,ham
901,ham
902,ham
903,ham
904,info
905,ham
906,info
907,ham
908,spam
909,ham
910,info
911,info
912,info
913,info
914,spam
915,spam
916,info
917,info
918,info
919,info
920,info
921,info
922,info
923,ham
924,info
925,info
926,ham
927,info
928,info
929,ham
930,ham
931,ham
932,ham
933,info
934,ham
935,ham
936,spam
937,ham
938,info
939,spam
940,ham
941,info
942,info
943,ham
944,ham
945,info
946,ham
947,info
948,ham
949,spam
950,spam
951,ham
952,ham
953,spam
954,ham
955,info
956,ham
957,info
958,info
959,info
960,ham
961,ham
962,spam
963,info
964,ham
965,ham
966,spam
967,info
968,info
969,info
970,info
971,info
972,info
973,info
974,ham
975,ham
976,ham
977,ham
978,ham
979,ham
980,ham
981,ham
982,spam
983,spam
984,info
985,info
986,ham
987,ham
988,info
989,ham
990,ham
991,info
992,info
993,info
994,ham
995,ham
996,info
997,info
998,spam
999,info
1000,ham
1001,ham
1002,info
1003,spam
1004,ham
1005,ham
1006,info
1007,info
1008,spam
1009,ham
1010,ham
1011,ham
1012,ham
1013,info
1014,ham
1015,info
1016,spam
1017,info
1018,ham
1019,spam
1020,info
1021,info
1022,ham
1023,ham
1024,info
1025,spam
1026,spam
1027,ham
1028,ham
1029,ham
1030,ham
1031,spam
1032,ham
1033,info
1034,info
1035,info
1036,ham
1037,info
1038,spam
1039,info
1040,info
1041,ham
1042,info
1043,ham
1044,ham
1045,ham
1046,spam
1047,ham
1048,info
1049,spam
1050,ham
1051,ham
1052,info
1053,ham
1054,ham
1055,ham
1056,ham
1057,info
1058,info
1059,spam
1060,info
1061,spam
1062,ham
1063,info
1064,info
1065,info
1066,ham
1067,ham
1068,ham
1069,ham
1070,ham
1071,spam
1072,info
1073,info
1074,spam
1075,ham
1076,info
1077,info
1078,ham
1079,info
1080,info
1081,info
1082,ham
1083,ham
1084,ham
1085,ham
1086,info
1087,ham
1088,info
1089,info
1090,ham
1091,spam
1092,ham
1093,info
1094,ham
1095,ham
1096,ham
1097,ham
1098,ham
1099,info
1100,spam
1101,ham
1102,ham
1103,info
1104,ham
1105,info
1106,spam
1107,info
1108,spam
1109,ham
1110,ham
1111,ham
1112,ham
1113,ham
1114,ham
1115,ham
1116,info
1117,ham
1118,ham
1119,info
1120,ham
1121,ham
1122,info
1123,ham
1124,ham
1125,ham
1126,info
1127,ham
1128,spam
1129,ham
1130,spam
1131,info
1132,ham
1133,info
1134,info
1135,spam
1136,info
1137,info
1138,ham
1139,ham
1140,info
1141,ham
1142,spam
1143,ham
1144,spam
1145,ham
1146,ham
1147,info
1148,ham
1149,ham
1150,info
1151,ham
1152,ham
1153,info
1154,ham
1155,ham
1156,ham
1157,ham
1158,ham
1159,spam
1160,info
1161,info
1162,ham
1163,ham
1164,ham
1165,ham
1166,ham
1167,ham
1168,ham
1169,ham
1170,info
1171,info
1172,ham
1173,info
1174,info
1175,ham
1176,ham
1177,spam
1178,spam
1179,ham
1180,ham
1181,spam
1182,ham
1183,ham
1184,ham
1185,ham
1186,info
1187,spam
1188,spam
1189,ham
1190,ham
1191,ham
1192,info
1193,info
1194,ham
1195,info
1196,info
1197,ham
1198,ham
1199,ham
1200,ham
1201,ham
1202,ham
1203,info
1204,ham
1205,ham
1206,ham
1207,info
1208,spam
1209,spam
1210,spam
1211,info
1212,ham
1213,ham
1214,info
1215,info
1216,ham
1217,info
1218,ham
1219,info
1220,ham
1221,ham
1222,ham
1223,ham
1224,ham
1225,ham
1226,spam
1227,ham
1228,info
1229,info
1230,spam
1231,info
1232,ham
1233,spam
1234,info
1235,ham
1236,ham
1237,info
1238,info
1239,info
1240,ham
1241,ham
1242,ham
1243,ham
1244,spam
1245,info
1246,info
1247,spam
1248,ham
1249,ham
1250,ham
1251,ham
1252,info
1253,spam
1254,info
1255,ham
1256,info
1257,info
1258,info
1259,info
1260,spam
1261,ham
1262,info
1263,ham
1264,ham
1265,ham
1266,ham
1267,ham
1268,ham
1269,info
1270,ham
1271,ham
1272,ham
1273,ham
1274,info
1275,ham
1276,info
1277,spam
1278,ham
1279,info
1280,spam
1281,info
1282,info
1283,ham
1284,ham
1285,ham
1286,info
1287,ham
1288,spam
1289,ham
1290,info
1291,ham
1292,ham
1293,info
1294,info
1295,ham
1296,info
1297,info
1298,ham
1299,ham
1300,ham
1301,info
1302,ham
1303,info
1304,ham
1305,ham
1306,info
1307,info
1308,spam
1309,info
1310,spam
1311,ham
1312,ham
1313,ham
1314,ham
1315,ham
1316,spam
1317,ham
1318,ham
1319,ham
1320,info
1321,ham
1322,info
1323,ham
1324,info
1325,info
1326,ham
1327,ham
1328,info
1329,info
1330,info
1331,info
1332,info
1333,ham
1334,ham
1335,spam
1336,info
1337,ham
1338,info
1339,info
1340,spam
1341,ham
1342,spam
1343,info
1344,ham
1345,ham
1346,ham
1347,ham
1348,spam
1349,ham
1350,ham
1351,info
1352,info
1353,info
1354,ham
1355,info
1356,ham
1357,ham
1358,ham
1359,ham
1360,ham
1361,ham
1362,info
1363,ham
1364,ham
1365,ham
1366,ham
1367,ham
1368,spam
1369,ham
1370,ham
1371,spam
1372,spam
1373,info
1374,info
1375,ham
1376,info
1377,info
1378,ham
1379,info
1380,ham
1381,ham
1382,ham
1383,ham
1384,ham
1385,ham
1386,spam
1387,info
1388,ham
1389,ham
1390,ham
1391,ham
1392,ham
1393,ham
1394,info
1395,info
1396,ham
1397,spam
1398,info
1399,info
1400,ham
1401,ham
1402,ham
1403,spam
1404,ham
1405,ham
1406,info
1407,info
1408,info
1409,info
1410,spam
1411,spam
1412,ham
1413,spam
1414,ham
1415,info
1416,ham
1417,ham
1418,ham
1419,info
1420,ham
1421,ham
1422,ham
1423,ham
1424,ham
1425,ham
1426,ham
1427,ham
1428,spam
1429,ham
1430,spam
1431,ham
1432,info
1433,ham
1434,info
1435,ham
1436,ham
1437,ham
1438,ham
1439,ham
1440,spam
1441,info
1442,ham
1443,spam
1444,spam
1445,ham
1446,ham
1447,spam
1448,ham
1449,ham
1450,spam
1451,info
1452,info
1453,ham
1454,info
1455,info
1456,info
1457,info
1458,info
1459,ham
1460,spam
1461,info
1462,info
1463,ham
1464,info
1465,ham
1466,info
1467,ham
1468,ham
1469,ham
1470,info
1471,ham
1472,ham
1473,spam
1474,ham
1475,info
1476,info
1477,ham
1478,ham
1479,ham
1480,info
1481,spam
1482,ham
1483,info
1484,ham
1485,ham
1486,info
1487,info
1488,spam
1489,ham
1490,info
1491,info
1492,info
1493,info
1494,spam
1495,info
1496,ham
1497,ham
1498,info
1499,ham
1500,ham
1501,info
1502,info
1503,spam
1504,info
1505,info
1506,ham
1507,info
1508,ham
1509,ham
1510,info
1511,ham
1512,spam
1513,ham
1514,ham
1515,info
1516,info
1517,ham
1518,ham
1519,info
1520,spam
1521,ham
1522,ham
1523,ham
1524,spam
1525,ham
1526,ham
1527,ham
1528,ham
1529,ham
1530,ham
1531,ham
1532,ham
1533,info
1534,ham
1535,ham
1536,info
1537,ham
1538,info
1539,ham
1540,spam
1541,info
1542,info
1543,ham
1544,ham
1545,spam
1546,spam
1547,info
1548,info
1549,ham
1550,ham
1551,ham
1552,ham
1553,spam
1554,info
1555,info
1556,ham
1557,ham
1558,ham
1559,ham
1560,ham
1561,ham
1562,ham
1563,info
1564,ham
1565,info
1566,info
1567,info
1568,ham
1569,ham
1570,ham
1571,spam
1572,ham
1573,info
1574,info
1575,ham
1576,info
1577,info
1578,ham
1579,ham
1580,info
1581,spam
1582,ham
1583,info
1584,ham
1585,ham
1586,info
1587,ham
1588,ham
1589,info
1590,ham
1591,ham
1592,info
1593,info
1594,spam
1595,info
1596,ham
1597,spam
1598,ham
1599,info
1600,ham
1601,ham
1602,ham
1603,ham
1604,ham
1605,spam
1606,spam
1607,info
1608,info
1609,spam
1610,ham
1611,ham
1612,info
1613,ham
1614,ham
1615,ham
1616,info
1617,ham
1618,ham
1619,ham
1620,ham
1621,ham
1622,info
1623,ham
1624,spam
1625,ham
1626,ham
1627,spam
1628,info
1629,spam
1630,ham
1631,ham
1632,ham
1633,ham
1634,ham
1635,ham
1636,info
1637,spam
1638,ham
1639,ham
1640,ham
1641,info
1642,ham
1643,spam
1644,spam
1645,ham
1646,spam
1647,ham
1648,info
1649,ham
1650,ham
1651,ham
1652,spam
1653,info
1654,info
1655,info
1656,ham
1657,info
1658,info
1659,ham
1660,ham
1661,ham
1662,ham
1663,ham
1664,ham
1665,ham
1666,ham
1667,ham
1668,ham
1669,spam
1670,ham
1671,info
1672,ham
1673,spam
1674,info
1675,info
1676,info
1677,spam
1678,ham
1679,spam
1680,spam
1681,info
1682,info
1683,ham
1684,info
1685,ham
1686,ham
1687,info
1688,ham
1689,info
1690,ham
1691,info
1692,info
1693,spam
1694,ham
1695,spam
1696,ham
1697,info
1698,info
1699,info
1700,ham
1701,ham
1702,ham
1703,ham
1704,ham
1705,ham
1706,spam
1707,info
1708,ham
1709,ham
1710,ham
1711,info
1712,info
1713,ham
1714,ham
1715,ham
1716,ham
1717,info
1718,info
1719,spam
1720,ham
1721,ham
1722,ham
1723,ham
1724,info
1725,ham
1726,ham
1727,info
1728,ham
1729,spam
1730,info
1731,spam
1732,ham
1733,info
1734,ham
1735,ham
1736,ham
1737,info
1738,info
1739,info
1740,info
1741,ham
1742,spam
1743,info
1744,ham
1745,spam
1746,ham
1747,info
1748,info
1749,ham
1750,ham
1751,info
1752,info
1753,ham
1754,ham
1755,ham
1756,info
1757,spam
1758,info
1759,ham
1760,ham
1761,ham
1762,ham
1763,ham
1764,ham
1765,spam
1766,info
1767,ham
1768,ham
1769,ham
1770,ham
1771,spam
1772,ham
1773,ham
1774,ham
1775,ham
1776,info
1777,ham
1778,info
1779,ham
1780,spam
1781,ham
1782,info
1783,info
1784,info
1785,ham
1786,ham
1787,spam
1788,info
1789,ham
1790,ham
1791,info
1792,ham
1793,spam
1794,info
1795,info
1796,ham
1797,ham
1798,ham
1799,info
1800,spam
1801,info
1802,ham
1803,spam
1804,ham
1805,info
1806,spam
1807,info
1808,info
1809,spam
1810,ham
1811,ham
1812,ham
1813,ham
1814,ham
1815,ham
1816,info
1817,ham
1818,ham
1819,ham
1820,ham
1821,info
1822,ham
1823,ham
1824,ham
1825,ham
1826,ham
1827,ham
1828,info
1829,info
1830,info
1831,info
1832,ham
1833,ham
1834,ham
1835,ham
1836,ham
1837,ham
1838,info
1839,ham
1840,ham
1841,ham
1842,info
1843,ham
1844,ham
1845,ham
1846,info
1847,ham
1848,info
1849,ham
1850,info
1851,ham
1852,spam
1853,ham
1854,info
1855,ham
1856,info
1857,ham
1858,spam
1859,ham
1860,ham
1861,info
1862,ham
1863,ham
1864,ham
1865,info
1866,info
1867,ham
1868,info
1869,ham
1870,info
1871,ham
1872,ham
1873,ham
1874,info
1875,info
1876,ham
1877,info
1878,info
1879,ham
1880,ham
1881,ham
1882,ham
1883,info
1884,ham
1885,info
1886,ham
1887,ham
1888,spam
1889,info
1890,spam
1891,ham
1892,ham
1893,ham
1894,info
1895,info
1896,ham
1897,ham
1898,info
1899,ham
1900,info
1901,ham
1902,spam
1903,ham
1904,spam
1905,ham
1906,spam
1907,info
1908,ham
1909,ham
1910,ham
1911,ham
1912,ham
1913,ham
1914,ham
1915,ham
1916,ham
1917,info
1918,info
1919,info
1920,info
1921,info
1922,info
1923,info
1924,ham
1925,ham
1926,ham
1927,ham
1928,info
1929,info
1930,ham
1931,ham
1932,spam
1933,ham
1934,ham
1935,ham
1936,ham
1937,ham
1938,info
1939,info
1940,info
1941,spam
1942,info
1943,info
1944,ham
1945,spam
1946,info
1947,ham
1948,info
1949,ham
1950,info
1951,ham
1952,ham
1953,ham
1954,info
1955,ham
1956,info
1957,info
1958,ham
1959,ham
1960,ham
1961,ham
1962,info
1963,ham
1964,ham
1965,spam
1966,ham
1967,info
1968,spam
1969,info
1970,ham
1971,ham
1972,ham
1973,ham
1974,info
1975,spam
1976,info
1977,ham
1978,info
1979,info
1980,spam
1981,ham
1982,ham
1983,ham
1984,info
1985,spam
1986,info
1987,ham
1988,info
1989,ham
1990,ham
1991,ham
1992,ham
1993,ham
1994,ham
1995,spam
1996,ham
1997,info
1998,info
1999,info
2000,spam
2001,info
2002,info
2003,ham
2004,ham
2005,info
2006,info
2007,ham
2008,info
2009,ham
2010,ham
2011,ham
2012,ham
2013,spam
2014,info
2015,ham
2016,spam
2017,info
2018,ham
2019,info
2020,ham
2021,spam
2022,info
2023,info
2024,info
2025,ham
2026,ham
2027,ham
2028,info
2029,ham
2030,spam
2031,info
2032,ham
2033,ham
2034,ham
2035,ham
2036,info
2037,spam
2038,ham
2039,ham
2040,info
2041,spam
2042,ham
2043,info
2044,spam
2045,ham
2046,spam
2047,spam
2048,ham
2049,ham
2050,ham
2051,ham
2052,info
2053,ham
2054,spam
2055,ham
2056,info
2057,spam
2058,info
2059,ham
2060,ham
2061,ham
2062,ham
2063,ham
2064,info
2065,spam
2066,ham
2067,info
2068,ham
2069,ham
2070,info
2071,info
2072,ham
2073,ham
2074,info
2075,ham
2076,info
2077,info
2078,info
2079,info
2080,ham
2081,spam
2082,spam
2083,ham
2084,spam
2085,info
2086,ham
2087,info
2088,info
2089,ham
2090,ham
2091,ham
2092,ham
2093,ham
2094,ham
2095,info
2096,info
2097,ham
2098,ham
2099,spam
2100,ham
2101,info
2102,spam
2103,info
2104,ham
2105,ham
2106,info
2107,ham
2108,ham
2109,ham
2110,ham
2111,ham
2112,ham
2113,info
2114,ham
2115,spam
2116,ham
2117,info
2118,info
2119,spam
2120,ham
2121,info
2122,info
2123,ham
2124,ham
2125,ham
2126,info
2127,ham
2128,ham
2129,ham
2130,info
2131,spam
2132,ham
2133,ham
2134,ham
2135,ham
2136,ham
2137,info
2138,info
2139,info
2140,ham
2141,ham
2142,info
2143,ham
2144,info
2145,spam
2146,ham
2147,ham
2148,spam
2149,ham
2150,info
2151,spam
2152,spam
2153,info
2154,ham
2155,spam
2156,ham
2157,info
2158,ham
2159,ham
2160,ham
2161,info
2162,spam
2163,spam
2164,ham
2165,ham
2166,info
2167,ham
2168,ham
2169,ham
2170,info
2171,ham
2172,ham
2173,ham
2174,ham
2175,spam
2176,ham
2177,info
2178,ham
2179,info
2180,info
2181,ham
2182,info
2183,ham
2184,ham
2185,info
2186,ham
2187,ham
2188,ham
2189,ham
2190,spam
2191,ham
2192,info
2193,ham
2194,info
2195,info
2196,ham
2197,info
2198,ham
2199,info
2200,spam
2201,ham
2202,info
2203,spam
2204,info
2205,ham
2206,info
2207,info
2208,ham
2209,info
2210,ham
2211,ham
2212,info
2213,info
2214,spam
2215,ham
2216,ham
2217,info
2218,ham
2219,ham
2220,spam
2221,info
2222,ham
2223,ham
2224,info
2225,spam
2226,ham
2227,spam
2228,ham
2229,ham
2230,info
2231,info
2232,info
2233,ham
2234,info
2235,ham
2236,spam
2237,ham
2238,ham
2239,ham
2240,info
2241,ham
2242,ham
2243,ham
2244,spam
2245,info
2246,info
2247,info
2248,ham
2249,ham
2250,ham
2251,info
2252,spam
2253,ham
2254,ham
2255,ham
2256,info
2257,spam
2258,ham
2259,info
2260,ham
2261,ham
2262,ham
2263,ham
2264,info
2265,info
2266,ham
2267,info
2268,info
2269,info
2270,ham
2271,info
2272,ham
2273,spam
2274,info
2275,ham
2276,ham
2277,ham
2278,ham
2279,spam
2280,info
2281,info
2282,ham
2283,info
2284,info
2285,info
2286,info
2287,ham
2288,ham
2289,info
2290,ham
2291,ham
2292,ham
2293,info
2294,info
2295,ham
2296,spam
2297,ham
2298,info
2299,spam
2300,info
2301,ham
2302,info
2303,ham
2304,ham
2305,ham
2306,spam
2307,spam
2308,info
2309,ham
2310,ham
2311,info
2312,info
2313,ham
2314,ham
2315,ham
2316,ham
2317,ham
2318,info
2319,ham
2320,ham
2321,ham
2322,info
2323,ham
2324,ham
2325,spam
2326,ham
2327,ham
2328,spam
2329,info
2330,ham
2331,ham
2332,ham
2333,info
2334,info
2335,ham
2336,ham
2337,ham
2338,ham
2339,ham
2340,spam
2341,ham
2342,info
2343,info
2344,spam
2345,info
2346,info
2347,info
2348,info
2349,spam
2350,ham
2351,ham
2352,info
2353,ham
2354,ham
2355,spam
2356,ham
2357,info
2358,ham
2359,info
2360,info
2361,spam
2362,info
2363,info
2364,ham
2365,ham
2366,spam
2367,ham
2368,spam
2369,ham
2370,ham
2371,ham
2372,info
2373,info
2374,info
2375,spam
2376,ham
2377,info
2378,spam
2379,info
2380,ham
2381,info
2382,ham
2383,ham
2384,ham
2385,ham
2386,info
2387,ham
2388,info
2389,info
2390,info
2391,ham
2392,ham
2393,info
2394,info
2395,ham
2396,ham
2397,ham
2398,spam
2399,info
2400,ham
2401,info
2402,ham
2403,ham
2404,info
2405,ham
2406,ham
2407,info
2408,ham
2409,info
2410,info
2411,ham
2412,ham
2413,ham
2414,ham
2415,info
2416,ham
2417,info
2418,spam
2419,ham
2420,spam
2421,info
2422,info
2423,info
2424,ham
2425,ham
2426,ham
2427,info
2428,spam
2429,ham
2430,info
2431,info
2432,ham
2433,ham
2434,info
2435,ham
2436,ham
2437,spam
2438,ham
2439,spam
2440,info
2441,ham
2442,spam
2443,info
2444,info
2445,spam
2446,info
2447,ham
2448,spam
2449,ham
2450,ham
2451,ham
2452,ham
2453,ham
2454,ham
2455,ham
2456,ham
2457,ham
2458,ham
2459,ham
2460,ham
2461,spam
2462,info
2463,ham
2464,info
2465,ham
2466,info
2467,ham
2468,info
2469,ham
2470,ham
2471,info
2472,info
2473,ham
2474,ham
2475,info
2476,info
2477,ham
2478,ham
2479,ham
2480,info
2481,info
2482,ham
2483,ham
2484,info
2485,ham
2486,info
2487,ham
2488,spam
2489,spam
2490,info
2491,ham
2492,ham
2493,ham
2494,ham
2495,info
2496,ham
2497,ham
2498,info
2499,ham
2500,ham
2501,ham
2502,info
2503,ham
2504,spam
2505,info
2506,ham
2507,info
2508,info
2509,spam
2510,ham
2511,ham
2512,info
2513,info
2514,ham
2515,ham
2516,ham
2517,spam
2518,info
2519,info
2520,info
2521,info
2522,info
2523,ham
2524,ham
2525,ham
2526,ham
2527,info
2528,ham
2529,spam
2530,info
2531,spam
2532,info
2533,ham
2534,spam
2535,spam
2536,ham
2537,spam
2538,ham
2539,ham
2540,ham
2541,ham
2542,ham
2543,ham
2544,ham
2545,ham
2546,ham
2547,info
2548,ham
2549,info
2550,ham
2551,spam
2552,info
2553,ham
2554,ham
2555,ham
2556,info
2557,info
2558,ham
2559,ham
2560,spam
2561,spam
2562,ham
2563,info
2564,ham
2565,ham
2566,info
2567,info
2568,ham
2569,info
2570,info
2571,spam
2572,info
2573,info
2574,ham
2575,ham
2576,info
2577,ham
2578,ham
2579,ham
2580,ham
2581,spam
2582,info
2583,ham
2584,ham
2585,info
2586,ham
2587,ham
2588,spam
2589,ham
2590,spam
2591,ham
2592,info
2593,ham
2594,ham
2595,info
2596,ham
2597,ham
2598,ham
2599,ham
2600,info
2601,info
2602,info
2603,info
2604,spam
2605,info
2606,ham
2607,spam
2608,ham
2609,ham
2610,ham
2611,ham
2612,ham
2613,spam
2614,ham
2615,ham
2616,info
2617,info
2618,info
2619,info
2620,info
2621,ham
2622,info
2623,info
2624,ham
2625,ham
2626,ham
2627,spam
2628,info
2629,ham
2630,info
2631,ham
2632,info
2633,ham
2634,spam
2635,ham
2636,ham
2637,ham
2638,info
2639,ham
2640,info
2641,ham
2642,ham
2643,info
2644,spam
2645,ham
2646,info
2647,ham
2648,ham
2649,ham
2650,ham
2651,ham
2652,ham
2653,ham
2654,ham
2655,ham
2656,info
2657,ham
2658,spam
2659,spam
2660,ham
2661,ham
2662,ham
2663,info
2664,ham
2665,ham
2666,ham
2667,spam
2668,info
2669,info
2670,info
2671,ham
2672,ham
2673,ham
2674,info
2675,ham
2676,ham
2677,spam
2678,ham
2679,info
2680,ham
2681,ham
2682,ham
2683,info
2684,ham
2685,info
2686,ham
2687,info
2688,ham
2689,ham
2690,ham
2691,ham
2692,ham
2693,info
2694,info
2695,ham
2696,ham
2697,ham
2698,ham
2699,spam
2700,ham
2701,ham
2702,ham
2703,ham
2704,spam
2705,ham
2706,ham
2707,info
2708,spam
2709,ham
2710,ham
2711,ham
2712,ham
2713,ham
2714,ham
2715,ham
2716,info
2717,info
2718,info
2719,ham
2720,ham
2721,info
2722,ham
2723,info
2724,ham
2725,info
2726,ham
2727,ham
2728,info
2729,spam
2730,ham
2731,ham
2732,ham
2733,ham
2734,ham
2735,ham
2736,info
2737,ham
2738,ham
2739,ham
2740,ham
2741,ham
2742,ham
2743,spam
2744,ham
2745,ham
2746,info
2747,ham
2748,ham
2749,info
2750,ham
2751,info
2752,info
2753,ham
2754,ham
2755,info
2756,ham
2757,ham
2758,info
2759,ham
2760,info
2761,info
2762,info
2763,ham
2764,ham
2765,info
2766,info
2767,ham
2768,spam
2769,info
2770,ham
2771,ham
2772,spam
2773,ham
2774,info
2775,spam
2776,ham
2777,info
2778,ham
2779,ham
2780,ham
2781,ham
2782,ham
2783,ham
2784,spam
2785,info
2786,ham
2787,ham
2788,ham
2789,ham
2790,ham
2791,info
2792,spam
2793,info
2794,ham
2795,ham
2796,ham
2797,ham
2798,ham
2799,info
2800,ham
2801,ham
2802,ham
2803,ham
2804,info
2805,info
2806,ham
2807,ham
2808,ham
2809,ham
2810,ham
2811,ham
2812,ham
2813,ham
2814,ham
2815,ham
2816,ham
2817,ham
2818,spam
2819,spam
2820,ham
2821,ham
2822,ham
2823,spam
2824,info
2825,info
2826,ham
2827,info
2828,info
2829,info
2830,ham
2831,spam
2832,spam
2833,ham
2834,ham
2835,ham
2836,spam
2837,ham
2838,ham
2839,info
2840,ham
2841,ham
2842,ham
2843,ham
2844,ham
2845,ham
2846,info
2847,info
2848,ham
2849,ham
2850,spam
2851,spam
2852,ham
2853,ham
2854,info
2855,ham
2856,ham
2857,ham
2858,ham
2859,ham
2860,ham
2861,info
2862,ham
2863,info
2864,info
2865,ham
2866,spam
2867,ham
2868,spam
2869,ham
2870,info
2871,ham
2872,info
2873,info
2874,spam
2875,ham
2876,spam
2877,info
2878,ham
2879,ham
2880,info
2881,info
2882,info
2883,spam
2884,ham
2885,ham
2886,info
2887,ham
2888,ham
2889,spam
2890,ham
2891,spam
2892,spam
2893,ham
2894,info
2895,ham
2896,ham
2897,ham
2898,ham
2899,ham
2900,spam
2901,ham
2902,info
2903,spam
2904,ham
2905,ham
2906,info
2907,spam
2908,info
2909,info
2910,ham
2911,ham
2912,ham
2913,info
2914,info
2915,ham
2916,spam
2917,ham
2918,ham
2919,info
2920,ham
2921,info
2922,info
2923,ham
2924,ham
2925,ham
2926,ham
2927,spam
2928,info
2929,ham
2930,info
2931,ham
2932,info
2933,ham
2934,ham
2935,ham
2936,ham
2937,ham
2938,ham
2939,ham
2940,info
2941,ham
2942,ham
2943,info
2944,spam
2945,spam
2946,info
2947,ham
2948,spam
2949,info
2950,spam
2951,ham
2952,ham
2953,info
2954,spam
2955,ham
2956,ham
2957,info
2958,info
2959,spam
2960,info
2961,ham
2962,ham
2963,info
2964,ham
2965,ham
2966,ham
2967,ham
2968,info
2969,ham
2970,info
2971,ham
2972,ham
2973,info
2974,info
2975,spam
2976,spam
2977,info
2978,info
2979,spam
2980,ham
2981,ham
2982,ham
2983,ham
2984,ham
2985,info
2986,info
2987,info
2988,ham
2989,ham
2990,spam
2991,ham
2992,ham
2993,info
2994,info
2995,ham
2996,ham
2997,ham
2998,ham
2999,info
3000,ham
3001,ham
3002,ham
3003,ham
3004,ham
3005,ham
3006,spam
3007,info
3008,info
3009,spam
3010,ham
3011,info
3012,info
3013,spam
3014,ham
3015,spam
3016,ham
3017,spam
3018,info
3019,info
3020,info
3021,info
3022,ham
3023,spam
3024,ham
3025,info
3026,spam
3027,info
3028,info
3029,spam
3030,ham
3031,info
3032,ham
3033,info
3034,ham
3035,info
3036,spam
3037,ham
3038,info
3039,ham
3040,ham
3041,ham
3042,ham
3043,ham
3044,ham
3045,info
3046,info
3047,info
3048,spam
3049,ham
3050,ham
3051,ham
3052,ham
3053,ham
3054,ham
3055,info
3056,info
3057,info
3058,info
3059,info
3060,info
3061,info
3062,ham
3063,ham
3064,spam
3065,info
3066,ham
3067,ham
3068,info
3069,info
3070,ham
3071,ham
3072,ham
3073,info
3074,info
3075,ham
3076,spam
3077,ham
3078,ham
3079,ham
3080,ham
3081,info
3082,spam
3083,ham
3084,ham
3085,info
3086,ham
3087,ham
3088,ham
3089,ham
3090,info
3091,ham
3092,ham
3093,ham
3094,ham
3095,ham
3096,ham
3097,info
3098,info
3099,ham
3100,ham
3101,info
3102,info
3103,info
3104,ham
3105,info
3106,ham
3107,info
3108,ham
3109,info
3110,ham
3111,info
3112,spam
3113,info
3114,spam
3115,ham
3116,info
3117,info
3118,ham
3119,ham
3120,ham
3121,ham
3122,ham
3123,ham
3124,ham
3125,ham
3126,ham
3127,info
3128,ham
3129,info
3130,spam
3131,spam
3132,info
3133,info
3134,ham
3135,ham
3136,ham
3137,info
3138,ham
3139,info
3140,info
3141,ham
3142,ham
3143,spam
3144,info
3145,info
3146,ham
3147,info
3148,info
3149,spam
3150,info
3151,ham
3152,spam
3153,info
3154,ham
3155,ham
3156,ham
3157,ham
3158,ham
3159,info
3160,ham
3161,spam
3162,info
3163,info
3164,info
3165,info
3166,ham
3167,spam
3168,spam
3169,ham
3170,spam
3171,info
3172,info
3173,info
3174,info
3175,ham
3176,info
3177,ham
3178,info
3179,info
3180,ham
3181,ham
3182,spam
3183,info
3184,ham
3185,info
3186,ham
3187,info
3188,ham
3189,info
3190,ham
3191,ham
3192,ham
3193,ham
3194,ham
3195,info
3196,info
3197,info
3198,info
3199,ham
3200,info
3201,ham
3202,info
3203,ham
3204,ham
3205,ham
3206,ham
3207,ham
3208,ham
3209,ham
3210,ham
3211,info
3212,spam
3213,info
3214,ham
3215,info
3216,info
3217,info
3218,ham
3219,info
3220,info
3221,spam
3222,info
3223,spam
3224,ham
3225,info
3226,info
3227,info
3228,ham
3229,ham
3230,info
3231,info
3232,info
3233,spam
3234,ham
3235,info
3236,info
3237,ham
3238,ham
3239,ham
3240,ham
3241,info
3242,ham
3243,ham
3244,ham
3245,spam
3246,ham
3247,info
3248,spam
3249,ham
3250,info
3251,ham
3252,ham
3253,ham
3254,info
3255,ham
3256,info
3257,spam
3258,info
3259,ham
3260,ham
3261,info
3262,info
3263,ham
3264,info
3265,ham
3266,ham
3267,info
3268,info
3269,ham
3270,info
3271,ham
3272,ham
3273,spam
3274,info
3275,info
3276,info
3277,ham
3278,ham
3279,ham
3280,ham
3281,spam
3282,ham
3283,info
3284,ham
3285,info
3286,ham
3287,info
3288,info
3289,ham
3290,ham
3291,info
3292,spam
3293,info
3294,info
3295,ham
3296,spam
3297,info
3298,ham
3299,info
3300,ham
3301,info
3302,ham
3303,info
3304,ham
3305,ham
3306,info
3307,ham
3308,info
3309,ham
3310,ham
3311,ham
3312,ham
3313,ham
3314,ham
3315,ham
3316,ham
3317,info
3318,info
3319,ham
3320,info
3321,info
3322,ham
3323,ham
3324,info
3325,ham
3326,info
3327,info
3328,spam
3329,ham
3330,ham
3331,ham
3332,info
3333,ham
3334,ham
3335,info
3336,ham
3337,ham
3338,ham
3339,ham
3340,ham
3341,ham
3342,info
3343,ham
3344,info
3345,info
3346,ham
3347,info
3348,ham
3349,info
3350,ham
3351,spam
3352,info
3353,ham
3354,info
3355,info
3356,ham
3357,info
3358,ham
3359,ham
3360,ham
3361,ham
3362,ham
3363,info
3364,ham
3365,ham
3366,ham
3367,ham
3368,info
3369,spam
3370,info
3371,ham
3372,ham
3373,ham
3374,info
3375,info
3376,ham
3377,spam
3378,info
3379,info
3380,info
3381,info
3382,ham
3383,info
3384,info
3385,info
3386,ham
3387,ham
3388,ham
3389,ham
3390,info
3391,spam
3392,info
3393,ham
3394,ham
3395,ham
3396,ham
3397,info
3398,ham
3399,ham
3400,ham
3401,ham
3402,info
3403,spam
3404,info
3405,info
3406,ham
3407,ham
3408,spam
3409,ham
3410,ham
3411,info
3412,info
3413,spam
3414,ham
3415,ham
3416,ham
3417,spam
3418,info
3419,info
3420,spam
3421,info
3422,ham
3423,ham
3424,info
3425,info
3426,ham
3427,ham
3428,ham
3429,spam
3430,spam
3431,ham
3432,ham
3433,ham
3434,ham
3435,ham
3436,ham
3437,spam
3438,info
3439,ham
3440,info
3441,ham
3442,ham
3443,ham
3444,info
3445,info
3446,ham
3447,ham
3448,info
3449,ham
3450,ham
3451,ham
3452,ham
3453,ham
3454,ham
3455,info
3456,info
3457,info
3458,ham
3459,ham
3460,ham
3461,ham
3462,info
3463,ham
3464,info
3465,info
3466,ham
3467,ham
3468,ham
3469,info
3470,ham
3471,ham
3472,info
3473,ham
3474,spam
3475,ham
3476,ham
3477,ham
3478,ham
3479,ham
3480,info
3481,spam
3482,ham
3483,info
3484,ham
3485,ham
3486,info
3487,info
3488,ham
3489,ham
3490,info
3491,info
3492,ham
3493,info
3494,ham
3495,ham
3496,info
3497,info
3498,ham
3499,ham
3500,ham
3501,ham
3502,spam
3503,ham
3504,ham
3505,spam
3506,info
3507,ham
3508,info
3509,ham
3510,info
3511,ham
3512,ham
3513,ham
3514,ham
3515,ham
3516,ham
3517,ham
3518,ham
3519,info
3520,info
3521,info
3522,info
3523,info
3524,info
3525,ham
3526,info
3527,ham
3528,info
3529,spam
3530,info
3531,ham
3532,ham
3533,info
3534,ham
3535,info
3536,ham
3537,spam
3538,ham
3539,ham
3540,ham
3541,info
3542,info
3543,ham
3544,ham
3545,ham
3546,spam
3547,spam
3548,info
3549,ham
3550,info
3551,ham
3552,info
3553,spam
3554,info
3555,info
3556,ham
3557,ham
3558,info
3559,info
3560,spam
3561,info
3562,info
3563,ham
3564,info
3565,info
3566,info
3567,ham
3568,ham
3569,ham
3570,info
3571,ham
3572,info
3573,ham
3574,spam
3575,ham
3576,ham
3577,info
3578,ham
3579,ham
3580,ham
3581,spam
3582,spam
3583,ham
3584,ham
3585,ham
3586,info
3587,ham
3588,ham
3589,spam
3590,ham
3591,ham
3592,info
3593,ham
3594,ham
3595,ham
3596,info
3597,info
3598,spam
3599,ham
3600,ham
3601,info
3602,info
3603,info
3604,ham
3605,spam
3606,ham
3607,info
3608,info
3609,info
3610,ham
3611,ham
3612,info
3613,info
3614,ham
3615,ham
3616,ham
3617,ham
3618,info
3619,ham
3620,ham
3621,info
3622,ham
3623,ham
3624,info
3625,info
3626,spam
3627,spam
3628,ham
3629,info
3630,ham
3631,ham
3632,ham
3633,ham
3634,ham
3635,info
3636,spam
3637,spam
3638,ham
3639,ham
3640,info
3641,info
3642,ham
3643,ham
3644,ham
3645,spam
3646,ham
3647,info
3648,ham
3649,info
3650,info
3651,ham
3652,ham
3653,ham
3654,info
3655,ham
3656,info
3657,ham
3658,spam
3659,ham
3660,ham
3661,ham
3662,info
3663,ham
3664,spam
3665,info
3666,ham
3667,info
3668,info
3669,info
3670,ham
3671,info
3672,info
3673,info
3674,info
3675,ham
3676,info
3677,ham
3678,ham
3679,ham
3680,ham
3681,info
3682,info
3683,info
3684,info
3685,ham
3686,ham
3687,ham
3688,ham
3689,ham
3690,info
3691,info
3692,ham
3693,info
3694,ham
3695,ham
3696,ham
3697,ham
3698,ham
3699,ham
3700,info
3701,info
3702,info
3703,ham
3704,info
3705,ham
3706,spam
3707,info
3708,info
3709,ham
3710,ham
3711,ham
3712,info
3713,info
3714,ham
3715,ham
3716,spam
3717,ham
3718,ham
3719,info
3720,ham
3721,info
3722,ham
3723,info
3724,spam
3725,info
3726,info
3727,spam
3728,ham
3729,ham
3730,info
3731,info
3732,ham
3733,ham
3734,ham
3735,ham
3736,info
3737,ham
3738,ham
3739,ham
3740,info
3741,info
3742,spam
3743,spam
3744,info
3745,ham
3746,ham
3747,ham
3748,ham
3749,ham
3750,ham
3751,ham
3752,ham
3753,ham
3754,ham
3755,ham
3756,ham
3757,spam
3758,ham
3759,info
3760,ham
3761,ham
3762,ham
3763,ham
3764,info
3765,spam
3766,info
3767,spam
3768,info
3769,spam
3770,ham
3771,info
3772,ham
3773,info
3774,ham
3775,ham
3776,spam
3777,ham
3778,ham
3779,spam
3780,info
3781,ham
3782,ham
3783,ham
3784,ham
3785,spam
3786,ham
3787,spam
3788,spam
3789,ham
3790,ham
3791,ham
3792,ham
3793,spam
3794,info
3795,spam
3796,ham
3797,ham
3798,info
3799,info
3800,ham
3801,ham
3802,ham
3803,ham
3804,info
3805,spam
3806,info
3807,spam
3808,spam
3809,spam
3810,info
3811,ham
3812,ham
3813,ham
3814,spam
3815,ham
3816,ham
3817,info
3818,ham
3819,ham
3820,ham
3821,ham
3822,spam
3823,ham
3824,spam
3825,info
3826,info
3827,ham
3828,ham
3829,info
3830,ham
3831,spam
3832,info
3833,info
3834,info
3835,ham
3836,ham
3837,info
3838,info
3839,ham
3840,ham
3841,ham
3842,ham
3843,spam
3844,spam
3845,info
3846,ham
3847,ham
3848,ham
3849,info
3850,ham
3851,ham
3852,info
3853,info
3854,ham
3855,ham
3856,info
3857,ham
3858,ham
3859,ham
3860,info
3861,ham
3862,ham
3863,info
3864,info
3865,info
3866,info
3867,info
3868,ham
3869,ham
3870,ham
3871,info
3872,ham
3873,ham
3874,info
3875,ham
3876,info
3877,ham
3878,ham
3879,info
3880,ham
3881,ham
3882,ham
3883,ham
3884,ham
3885,ham
3886,ham
3887,ham
3888,info
3889,info
3890,info
3891,ham
3892,ham
3893,info
3894,info
3895,ham
3896,ham
3897,info
3898,ham
3899,info
3900,spam
3901,spam
3902,ham
3903,info
3904,info
3905,info
3906,info
3907,info
3908,info
3909,ham
3910,ham
3911,ham
3912,ham
3913,spam
3914,spam
3915,info
3916,spam
3917,ham
3918,info
3919,ham
3920,spam
3921,info
3922,info
3923,info
3924,ham
3925,info
3926,ham
3927,ham
3928,info
3929,info
3930,info
3931,info
3932,ham
3933,ham
3934,spam
3935,info
3936,ham
3937,ham
3938,ham
3939,info
3940,info
3941,ham
3942,info
3943,ham
3944,ham
3945,info
3946,info
3947,info
3948,ham
3949,info
3950,info
3951,ham
3952,ham
3953,info
3954,info
3955,info
3956,info
3957,info
3958,ham
3959,spam
3960,spam
3961,info
3962,info
3963,ham
3964,info
3965,ham
3966,info
3967,info
3968,ham
3969,spam
3970,info
3971,ham
3972,info
3973,ham
3974,ham
3975,info
3976,info
3977,ham
3978,info
3979,info
3980,info
3981,ham
3982,ham
3983,ham
3984,spam
3985,ham
3986,spam
3987,spam
3988,info
3989,info
3990,info
3991,info
3992,info
3993,ham
3994,info
3995,spam
3996,ham
3997,ham
3998,info
3999,ham
4000,spam
4001,ham
4002,spam
4003,spam
4004,info
4005,ham
4006,info
4007,info
4008,ham
4009,ham
4010,spam
4011,spam
4012,ham
4013,info
4014,info
4015,ham
4016,ham
4017,spam
4018,spam
4019,ham
4020,spam
4021,ham
4022,info
4023,ham
4024,ham
4025,info
4026,spam
4027,ham
4028,spam
4029,ham
4030,info
4031,ham
4032,ham
4033,info
4034,ham
4035,ham
4036,info
4037,spam
4038,spam
4039,ham
4040,ham
4041,ham
4042,info
4043,info
4044,ham
4045,ham
4046,ham
4047,info
4048,ham
4049,info
4050,spam
4051,info
4052,info
4053,ham
4054,ham
4055,spam
4056,ham
4057,info
4058,info
4059,ham
4060,ham
4061,info
4062,info
4063,ham
4064,ham
4065,spam
4066,info
4067,info
4068,ham
4069,ham
4070,ham
4071,ham
4072,info
4073,ham
4074,spam
4075,ham
4076,ham
4077,ham
4078,spam
4079,ham
4080,ham
4081,ham
4082,info
4083,ham
4084,info
4085,spam
4086,spam
4087,info
4088,ham
4089,ham
4090,ham
4091,spam
4092,ham
4093,ham
4094,info
4095,ham
4096,ham
4097,ham
4098,ham
4099,ham
4100,ham
4101,ham
4102,ham
4103,ham
4104,info
4105,spam
4106,spam
4107,ham
4108,info
4109,ham
4110,ham
4111,ham
4112,spam
4113,info
4114,info
4115,ham
4116,info
4117,ham
4118,ham
4119,spam
4120,ham
4121,ham
4122,ham
4123,ham
4124,ham
4125,info
4126,info
4127,ham
4128,ham
4129,ham
4130,ham
4131,info
4132,ham
4133,ham
4134,ham
4135,ham
4136,ham
4137,info
4138,spam
4139,spam
4140,info
4141,info
4142,ham
4143,ham
4144,info
4145,info
4146,ham
4147,spam
4148,ham
4149,ham
4150,ham
4151,ham
4152,ham
4153,ham
4154,ham
4155,ham
4156,spam
4157,ham
4158,ham
4159,ham
4160,spam
4161,ham
4162,ham
4163,info
4164,info
4165,ham
4166,ham
4167,info
4168,info
4169,ham
4170,ham
4171,ham
4172,ham
4173,ham
4174,ham
4175,ham
4176,info
4177,ham
4178,spam
4179,ham
4180,ham
4181,ham
4182,ham
4183,ham
4184,ham
4185,spam
4186,ham
4187,info
4188,spam
4189,spam
4190,spam
4191,ham
4192,info
4193,ham
4194,info
4195,ham
4196,ham
4197,spam
4198,spam
4199,info
4200,info
4201,ham
4202,ham
4203,info
4204,ham
4205,ham
4206,ham
4207,ham
4208,ham
4209,spam
4210,ham
4211,ham
4212,info
4213,info
4214,ham
4215,info
4216,spam
4217,ham
4218,info
4219,ham
4220,ham
4221,info
4222,ham
4223,ham
4224,ham
4225,ham
4226,spam
4227,info
4228,info
4229,info
4230,ham
4231,ham
4232,info
4233,ham
4234,ham
4235,info
4236,info
4237,info
4238,ham
4239,ham
4240,info
4241,spam
4242,ham
4243,ham
4244,ham
4245,ham
4246,spam
4247,info
4248,ham
4249,ham
4250,ham
4251,ham
4252,spam
4253,ham
4254,info
4255,info
4256,ham
4257,info
4258,ham
4259,ham
4260,spam
4261,spam
4262,ham
4263,ham
4264,info
4265,ham
4266,info
4267,ham
4268,ham
4269,ham
4270,info
4271,ham
4272,info
4273,ham
4274,info
4275,info
4276,ham
4277,info
4278,ham
4279,ham
4280,info
4281,ham
4282,ham
4283,ham
4284,ham
4285,info
4286,ham
4287,info
4288,ham
4289,info
4290,ham
4291,ham
4292,info
4293,ham
4294,ham
4295,info
4296,info
4297,info
4298,ham
4299,ham
4300,ham
4301,ham
4302,ham
4303,ham
4304,ham
4305,ham
4306,ham
4307,spam
4308,info
4309,ham
4310,ham
4311,info
4312,info
4313,ham
4314,info
4315,ham
4316,ham
4317,ham
4318,ham
4319,info
4320,ham
4321,info
4322,info
4323,ham
4324,ham
4325,ham
4326,ham
4327,info
4328,ham
4329,ham
4330,ham
4331,info
4332,ham
4333,ham
4334,info
4335,ham
4336,ham
4337,ham
4338,ham
4339,ham
4340,ham
4341,spam
4342,ham
4343,ham
4344,ham
4345,ham
4346,ham
4347,info
4348,info
4349,spam
4350,ham
4351,spam
4352,ham
4353,ham
4354,info
4355,ham
4356,ham
4357,ham
4358,spam
4359,ham
4360,info
4361,spam
4362,ham
4363,info
4364,ham
4365,spam
4366,ham
4367,ham
4368,ham
4369,info
4370,ham
4371,info
4372,ham
4373,spam
4374,spam
4375,ham
4376,ham
4377,ham
4378,ham
4379,ham
4380,ham
4381,ham
4382,info
4383,ham
4384,info
4385,ham
4386,info
4387,ham
4388,info
4389,spam
4390,ham
4391,spam
4392,ham
4393,info
4394,ham
4395,spam
4396,info
4397,info
4398,ham
4399,info
4400,info
4401,spam
4402,ham
4403,ham
4404,ham
4405,ham
4406,spam
4407,info
4408,ham
4409,ham
4410,ham
4411,ham
4412,ham
4413,info
4414,info
4415,info
4416,info
4417,ham
4418,spam
4419,ham
4420,info
4421,ham
4422,ham
4423,info
4424,ham
4425,info
4426,info
4427,info
4428,info
4429,info
4430,ham
4431,spam
4432,info
4433,spam
4434,spam
4435,ham
4436,info
4437,info
4438,spam
4439,info
4440,ham
4441,info
4442,info
4443,info
4444,ham
4445,info
4446,info
4447,ham
4448,ham
4449,info
4450,ham
4451,ham
4452,ham
4453,ham
4454,info
4455,info
4456,info
4457,ham
4458,ham
4459,info
4460,info
4461,ham
4462,info
4463,spam
4464,ham
4465,info
4466,ham
4467,info
4468,ham
4469,ham
4470,ham
4471,info
4472,info
4473,ham
4474,info
4475,ham
4476,info
4477,ham
4478,ham
4479,ham
4480,spam
4481,ham
4482,ham
4483,ham
4484,ham
4485,ham
4486,ham
4487,ham
4488,info
4489,ham
4490,ham
4491,spam
4492,ham
4493,spam
4494,ham
4495,ham
4496,info
4497,ham
4498,ham
4499,ham
4500,ham
4501,ham
4502,ham
4503,info
4504,spam
4505,ham
4506,ham
4507,info
4508,ham
4509,spam
4510,ham
4511,info
4512,ham
4513,info
4514,info
4515,ham
4516,spam
4517,info
4518,ham
4519,info
4520,ham
4521,ham
4522,ham
4523,ham
4524,info
4525,info
4526,spam
4527,spam
4528,ham
4529,ham
4530,ham
4531,info
4532,ham
4533,ham
4534,ham
4535,ham
4536,ham
4537,info
4538,ham
4539,ham
4540,ham
4541,ham
4542,ham
4543,ham
4544,ham
4545,ham
4546,ham
4547,info
4548,ham
4549,ham
4550,spam
4551,info
4552,ham
4553,ham
4554,ham
4555,spam
4556,ham
4557,info
4558,info
4559,info
4560,spam
4561,info
4562,ham
4563,info
4564,spam
4565,info
4566,info
4567,ham
4568,info
4569,ham
4570,info
4571,info
4572,ham
4573,spam
4574,ham
4575,ham
4576,info
4577,info
4578,ham
4579,info
4580,info
4581,info
4582,info
4583,ham
4584,spam
4585,spam
4586,ham
4587,info
4588,ham
4589,info
4590,info
4591,spam
4592,ham
4593,info
4594,info
4595,info
4596,info
4597,ham
4598,info
4599,info
4600,spam
4601,ham
4602,spam
4603,info
4604,spam
4605,ham
4606,ham
4607,spam
4608,ham
4609,ham
4610,ham
4611,info
4612,ham
4613,ham
4614,info
4615,ham
4616,info
4617,info
4618,ham
4619,spam
4620,spam
4621,ham
4622,spam
4623,info
4624,info
4625,spam
4626,ham
4627,ham
4628,ham
4629,ham
4630,spam
4631,ham
4632,ham
4633,spam
4634,ham
4635,info
4636,ham
4637,ham
4638,ham
4639,spam
4640,info
4641,ham
4642,info
4643,ham
4644,ham
4645,ham
4646,info
4647,info
4648,ham
4649,ham
4650,info
4651,ham
4652,ham
4653,info
4654,spam
4655,spam
4656,spam
4657,ham
4658,ham
4659,spam
4660,info
4661,info
4662,ham
4663,ham
4664,info
4665,ham
4666,ham
4667,info
4668,ham
4669,ham
4670,info
4671,ham
4672,ham
4673,ham
4674,ham
4675,spam
4676,ham
4677,ham
4678,info
4679,info
4680,spam
4681,ham
4682,info
4683,ham
4684,info
4685,info
4686,ham
4687,ham
4688,info
4689,ham
4690,info
4691,info
4692,ham
4693,ham
4694,info
4695,ham
4696,ham
4697,ham
4698,spam
4699,ham
4700,ham
4701,spam
4702,ham
4703,ham
4704,ham
4705,ham
4706,info
4707,info
4708,spam
4709,ham
4710,ham
4711,ham
4712,spam
4713,info
4714,ham
4715,spam
4716,ham
4717,info
4718,ham
4719,ham
4720,ham
4721,ham
4722,ham
4723,ham
4724,ham
4725,spam
4726,ham
4727,ham
4728,ham
4729,spam
4730,info
4731,info
4732,info
4733,info
4734,ham
4735,info
4736,info
4737,ham
4738,info
4739,ham
4740,spam
4741,ham
4742,ham
4743,info
4744,ham
4745,ham
4746,ham
4747,ham
4748,ham
4749,spam
4750,ham
4751,ham
4752,ham
4753,spam
4754,info
4755,info
4756,info
4757,ham
4758,ham
4759,ham
4760,spam
4761,info
4762,ham
4763,spam
4764,ham
4765,ham
4766,ham
4767,info
4768,info
4769,ham
4770,ham
4771,ham
4772,ham
4773,ham
4774,info
4775,ham
4776,ham
4777,ham
4778,info
4779,ham
4780,info
4781,spam
4782,ham
4783,spam
4784,spam
4785,ham
4786,ham
4787,ham
4788,info
4789,ham
4790,ham
4791,spam
4792,ham
4793,ham
4794,ham
4795,ham
4796,info
4797,ham
4798,info
4799,ham
4800,ham
4801,ham
4802,ham
4803,ham
4804,ham
4805,ham
4806,info
4807,ham
4808,info
4809,ham
4810,ham
4811,spam
4812,ham
4813,info
4814,ham
4815,ham
4816,ham
4817,ham
4818,ham
4819,info
4820,ham
4821,spam
4822,ham
4823,info
4824,ham
4825,ham
4826,spam
4827,info
4828,ham
4829,info
4830,ham
4831,info
4832,ham
4833,info
4834,info
4835,ham
4836,ham
4837,spam
4838,ham
4839,spam
4840,ham
4841,info
4842,spam
4843,ham
4844,info
4845,ham
4846,ham
4847,ham
4848,ham
4849,info
4850,ham
4851,ham
4852,spam
4853,info
4854,spam
4855,info
4856,ham
4857,ham
4858,info
4859,ham
4860,ham
4861,ham
4862,info
4863,ham
4864,info
4865,info
4866,ham
4867,ham
4868,ham
4869,info
4870,ham
4871,ham
4872,ham
4873,ham
4874,ham
4875,ham
4876,ham
4877,ham
4878,info
4879,spam
4880,ham
4881,ham
4882,info
4883,ham
4884,ham
4885,ham
4886,spam
4887,info
4888,ham
4889,ham
4890,info
4891,ham
4892,ham
4893,info
4894,info
4895,info
4896,info
4897,info
4898,spam
4899,ham
4900,spam
4901,ham
4902,ham
4903,ham
4904,ham
4905,info
4906,info
4907,info
4908,info
4909,ham
4910,ham
4911,ham
4912,ham
4913,ham
4914,ham
4915,ham
4916,info
4917,info
4918,ham
4919,ham
4920,info
4921,ham
4922,info
4923,info
4924,info
4925,spam
4926,info
4927,info
4928,info
4929,ham
4930,info
4931,info
4932,ham
4933,ham
4934,spam
4935,ham
4936,spam
4937,info
4938,info
4939,info
4940,ham
4941,ham
4942,ham
4943,ham
4944,ham
4945,ham
4946,ham
4947,ham
4948,ham
4949,info
4950,spam
4951,ham
4952,ham
4953,ham
4954,info
4955,info
4956,ham
4957,ham
4958,ham
4959,ham
4960,ham
4961,ham
4962,ham
4963,ham
4964,info
4965,spam
4966,ham
4967,ham
4968,ham
4969,spam
4970,ham
4971,ham
4972,info
4973,ham
4974,ham
4975,info
4976,info
4977,ham
4978,ham
4979,info
4980,ham
4981,info
4982,ham
4983,spam
4984,info
4985,info
4986,info
4987,spam
4988,ham
4989,ham
4990,info
4991,spam
4992,ham
4993,ham
4994,info
4995,ham
4996,info
4997,ham
4998,ham
4999,info
5000,ham
5001,ham
5002,ham
5003,ham
5004,info
5005,info
5006,ham
5007,info
5008,ham
5009,ham
5010,ham
5011,ham
5012,spam
5013,info
5014,ham
5015,info
5016,ham
5017,ham
5018,spam
5019,info
5020,info
5021,ham
5022,ham
5023,spam
5024,ham
5025,ham
5026,ham
5027,ham
5028,ham
5029,ham
5030,ham
5031,spam
5032,spam
5033,spam
5034,ham
5035,info
5036,info
5037,ham
5038,ham
5039,info
5040,ham
5041,ham
5042,info
5043,ham
5044,ham
5045,ham
5046,info
5047,info
5048,info
5049,ham
5050,ham
5051,ham
5052,info
5053,ham
5054,info
5055,info
5056,ham
5057,ham
5058,info
5059,ham
5060,ham
5061,spam
5062,ham
5063,ham
5064,info
5065,ham
5066,ham
5067,info
5068,ham
5069,spam
5070,info
5071,ham
5072,ham
5073,spam
5074,ham
5075,spam
5076,ham
5077,info
5078,ham
5079,ham
5080,info
5081,info
5082,ham
5083,ham
5084,ham
5085,ham
5086,spam
5087,info
5088,info
5089,spam
5090,ham
5091,info
5092,ham
5093,ham
5094,info
5095,ham
5096,info
5097,info
5098,ham
5099,ham
5100,info
5101,ham
5102,spam
5103,ham
5104,ham
5105,ham
5106,ham
5107,ham
5108,info
5109,ham
5110,info
5111,info
5112,ham
5113,spam
5114,ham
5115,info
5116,ham
5117,info
5118,info
5119,ham
5120,ham
5121,ham
5122,ham
5123,info
5124,info
5125,ham
5126,spam
5127,ham
5128,info
5129,ham
5130,ham
5131,ham
5132,spam
5133,ham
5134,ham
5135,spam
5136,ham
5137,info
5138,ham
5139,ham
5140,info
5141,spam
5142,ham
5143,info
5144,info
5145,ham
5146,ham
5147,ham
5148,info
5149,ham
5150,spam
5151,ham
5152,spam
5153,ham
5154,info
5155,spam
5156,ham
5157,spam
5158,info
5159,info
5160,info
5161,info
5162,ham
5163,ham
5164,ham
5165,info
5166,ham
5167,ham
5168,ham
5169,info
5170,ham
5171,ham
5172,ham
5173,ham
5174,spam
5175,ham
5176,ham
5177,ham
5178,info
5179,info
5180,ham
5181,ham
5182,info
5183,ham
5184,info
5185,ham
5186,info
5187,info
5188,ham
5189,ham
5190,ham
5191,ham
5192,ham
5193,info
5194,info
5195,info
5196,info
5197,info
5198,ham
5199,ham
5200,ham
5201,ham
5202,info
5203,ham
5204,ham
5205,info
5206,ham
5207,ham
5208,ham
5209,ham
5210,ham
5211,info
5212,ham
5213,spam
5214,spam
5215,ham
5216,ham
5217,ham
5218,ham
5219,info
5220,ham
5221,ham
5222,ham
5223,ham
5224,ham
5225,info
5226,ham
5227,info
5228,spam
5229,info
5230,info
5231,ham
5232,info
5233,ham
5234,info
5235,info
5236,info
5237,info
5238,ham
5239,info
5240,info
5241,ham
5242,ham
5243,info
5244,ham
5245,info
5246,ham
5247,ham
5248,ham
5249,ham
5250,info
5251,info
5252,spam
5253,ham
5254,info
5255,ham
5256,spam
5257,info
5258,ham
5259,ham
5260,info
5261,ham
5262,spam
5263,spam
5264,info
5265,info
5266,info
5267,spam
5268,spam
5269,info
5270,spam
5271,info
5272,ham
5273,ham
5274,info
5275,info
5276,ham
5277,info
5278,spam
5279,ham
5280,info
5281,ham
5282,info
5283,info
5284,ham
5285,ham
5286,ham
5287,ham
5288,info
5289,info
5290,ham
5291,ham
5292,ham
5293,info
5294,ham
5295,ham
5296,info
5297,ham
5298,ham
5299,ham
5300,ham
5301,ham
5302,spam
5303,spam
5304,ham
5305,ham
5306,ham
5307,info
5308,info
5309,ham
5310,info
5311,ham
5312,info
5313,info
5314,info
5315,info
5316,info
5317,spam
5318,ham
5319,ham
5320,ham
5321,ham
5322,info
5323,info
5324,ham
5325,info
5326,info
5327,ham
5328,info
5329,ham
5330,info
5331,ham
5332,ham
5333,spam
5334,ham
5335,info
5336,spam
5337,ham
5338,ham
5339,info
5340,ham
5341,ham
5342,ham
5343,ham
5344,info
5345,spam
5346,ham
5347,ham
5348,info
5349,info
5350,info
5351,ham
5352,ham
5353,ham
5354,ham
5355,ham
5356,ham
5357,ham
5358,info
5359,ham
5360,info
5361,info
5362,ham
5363,ham
5364,ham
5365,info
5366,info
5367,info
5368,info
5369,info
5370,ham
5371,ham
5372,ham
5373,info
5374,ham
5375,ham
5376,ham
5377,ham
5378,ham
5379,ham
5380,info
5381,ham
5382,ham
5383,ham
5384,ham
5385,ham
5386,ham
5387,ham
5388,ham
5389,ham
5390,ham
5391,spam
5392,spam
5393,ham
5394,info
5395,spam
5396,ham
5397,ham
5398,ham
5399,info
5400,ham
5401,ham
5402,ham
5403,ham
5404,spam
5405,ham
5406,info
5407,spam
5408,info
5409,ham
5410,info
5411,info
5412,info
5413,ham
5414,ham
5415,ham
5416,ham
5417,info
5418,ham
5419,info
5420,info
5421,ham
5422,info
5423,ham
5424,ham
5425,ham
5426,ham
5427,ham
5428,info
5429,info
5430,info
5431,info
5432,spam
5433,info
5434,ham
5435,spam
5436,info
5437,spam
5438,ham
5439,info
5440,spam
5441,ham
5442,spam
5443,spam
5444,ham
5445,spam
5446,ham
5447,info
5448,spam
5449,ham
5450,info
5451,info
5452,ham
5453,ham
5454,ham
5455,ham
5456,spam
5457,info
5458,info
5459,ham
5460,ham
5461,ham
5462,info
5463,ham
5464,ham
5465,info
5466,ham
5467,info
5468,ham
5469,info
5470,ham
5471,ham
5472,info
5473,info
5474,ham
5475,spam
5476,spam
5477,ham
5478,spam
5479,info
5480,ham
5481,spam
5482,ham
5483,info
5484,spam
5485,ham
5486,ham
5487,info
5488,info
5489,info
5490,spam
5491,ham
5492,spam
5493,ham
5494,info
5495,ham
5496,spam
5497,spam
5498,info
5499,spam
5500,ham
5501,ham
5502,ham
5503,ham
5504,spam
5505,info
5506,ham
5507,info
5508,info
5509,spam
5510,info
5511,ham
5512,ham
5513,spam
5514,spam
5515,spam
5516,ham
5517,ham
5518,info
5519,ham
5520,ham
5521,ham
5522,ham
5523,info
5524,info
5525,spam
5526,ham
5527,info
5528,ham
5529,spam
5530,info
5531,ham
5532,ham
5533,info
5534,info
5535,ham
5536,ham
5537,ham
5538,info
5539,ham
5540,ham
5541,info
5542,ham
5543,info
5544,ham
5545,ham
5546,spam
5547,info
5548,ham
5549,info
5550,info
5551,info
5552,ham
5553,info
5554,ham
5555,info
5556,ham
5557,ham
5558,spam
5559,info
5560,ham
5561,ham
5562,info
5563,info
5564,ham
5565,info
5566,ham
5567,ham
5568,ham
5569,ham
5570,info
5571,ham
5572,ham
5573,ham
5574,info
5575,ham
5576,spam
5577,ham
5578,ham
5579,ham
5580,spam
5581,ham
5582,info
5583,ham
5584,ham
5585,ham
5586,info
5587,spam
5588,ham
5589,ham
5590,info
5591,ham
5592,info
5593,ham
5594,ham
5595,ham
5596,info
5597,info
5598,info
5599,spam
5600,ham
5601,info
5602,info
5603,info
5604,info
5605,ham
5606,info
5607,spam
5608,ham
5609,info
5610,ham
5611,ham
5612,ham
5613,info
5614,info
5615,spam
5616,spam
5617,info
5618,ham
5619,spam
5620,ham
5621,ham
5622,spam
5623,info
5624,ham
5625,ham
5626,ham
5627,info
5628,info
5629,ham
5630,ham
5631,ham
5632,ham
5633,spam
5634,ham
5635,info
5636,ham
5637,ham
5638,ham
5639,info
5640,info
5641,spam
5642,ham
5643,info
5644,info
5645,info
5646,ham
5647,ham
5648,info
5649,spam
5650,ham
5651,info
5652,spam
5653,ham
5654,ham
5655,ham
5656,ham
5657,ham
5658,info
5659,info
5660,ham
5661,ham
5662,spam
5663,ham
5664,ham
5665,ham
5666,ham
5667,ham
5668,info
5669,ham
5670,ham
5671,spam
5672,info
5673,info
5674,info
5675,ham
5676,spam
5677,spam
5678,info
5679,info
5680,ham
5681,info
5682,ham
5683,info
5684,ham
5685,ham
5686,info
5687,spam
5688,info
5689,ham
5690,ham
5691,spam
5692,ham
5693,ham
5694,info
5695,ham
5696,info
5697,ham
5698,ham
5699,info
5700,ham
5701,ham
5702,info
5703,info
5704,info
5705,ham
5706,ham
5707,info
5708,ham
5709,info
5710,info
5711,spam
5712,ham
5713,spam
5714,ham
5715,ham
5716,ham
5717,ham
5718,ham
5719,ham
5720,ham
5721,ham
5722,info
5723,info
5724,spam
5725,ham
5726,ham
5727,ham
5728,ham
5729,ham
5730,info
5731,ham
5732,info
5733,ham
5734,ham
5735,ham
5736,spam
5737,spam
5738,ham
5739,info
5740,ham
5741,info
5742,ham
5743,ham
5744,info
5745,info
5746,ham
5747,spam
5748,ham
5749,info
5750,ham
5751,ham
5752,info
5753,ham
5754,ham
5755,ham
5756,ham
5757,ham
5758,ham
5759,info
5760,info
5761,ham
5762,ham
5763,info
5764,ham
5765,spam
5766,info
5767,spam
5768,info
5769,ham
5770,ham
5771,spam
5772,info
5773,ham
5774,ham
5775,info
5776,ham
5777,ham
5778,info
5779,ham
5780,ham
5781,ham
5782,ham
5783,info
5784,ham
5785,spam
5786,info
5787,info
5788,info
5789,ham
5790,ham
5791,spam
5792,ham
5793,info
5794,ham
5795,info
5796,ham
5797,info
5798,info
5799,info
5800,info
5801,info
5802,info
5803,ham
5804,ham
5805,info
5806,info
5807,ham
5808,spam
5809,ham
5810,info
5811,ham
5812,ham
5813,ham
5814,info
5815,spam
5816,info
5817,spam
5818,info
5819,info
5820,ham
5821,info
5822,spam
5823,ham
5824,info
5825,info
5826,info
5827,info
5828,info
5829,info
5830,info
5831,ham
5832,info
5833,info
5834,info
5835,spam
5836,ham
5837,ham
5838,info
5839,info
5840,spam
5841,info
5842,spam
5843,ham
5844,info
5845,ham
5846,ham
5847,spam
5848,ham
5849,info
5850,info
5851,info
5852,ham
5853,ham
5854,ham
5855,info
5856,info
5857,ham
5858,spam
5859,spam
5860,spam
5861,spam
5862,spam
5863,info
5864,ham
5865,ham
5866,ham
5867,info
5868,ham
5869,ham
5870,ham
5871,ham
5872,ham
5873,ham
5874,info
5875,ham
5876,ham
5877,ham
5878,info
5879,spam
5880,spam
5881,ham
5882,ham
5883,ham
5884,ham
5885,spam
5886,ham
5887,spam
5888,info
5889,ham
5890,ham
5891,info
5892,ham
5893,spam
5894,ham
5895,info
5896,spam
5897,ham
5898,info
5899,ham
5900,ham
5901,ham
5902,spam
5903,info
5904,ham
5905,ham
5906,spam
5907,info
5908,info
5909,info
5910,ham
5911,info
5912,ham
5913,ham
5914,ham
5915,spam
5916,info
5917,spam
5918,ham
5919,info
5920,info
5921,spam
5922,info
5923,info
5924,ham
5925,info
5926,ham
5927,ham
5928,ham
5929,info
5930,info
5931,ham
5932,ham
5933,info
5934,ham
5935,spam
5936,ham
5937,info
5938,ham
5939,ham
5940,ham
5941,spam
5942,info
5943,info
5944,info
5945,ham
5946,ham
5947,info
5948,info
5949,spam
5950,ham
5951,ham
5952,ham
5953,info
5954,ham
5955,ham
5956,info
5957,info
5958,info
5959,info
5960,spam
5961,ham
5962,info
5963,spam
5964,ham
5965,ham
5966,ham
5967,ham
5968,info
5969,ham
5970,info
5971,info
5972,ham
5973,info
5974,info
5975,ham
5976,info
5977,ham
5978,ham
5979,ham
5980,info
5981,ham
5982,ham
5983,spam
5984,info
5985,info
5986,ham
5987,ham
5988,ham
5989,ham
5990,ham
5991,info
5992,ham
5993,ham
5994,ham
5995,ham
5996,ham
5997,ham
5998,ham
5999,ham
6000,spam
6001,info
6002,info
6003,info
6004,info
6005,ham
6006,ham
6007,info
6008,ham
6009,ham
6010,ham
6011,ham
6012,ham
6013,spam
6014,ham
6015,spam
6016,spam
6017,info
6018,ham
6019,info
6020,ham
6021,ham
6022,ham
6023,info
6024,ham
6025,info
6026,spam
6027,info
6028,ham
6029,ham
6030,ham
6031,info
6032,info
6033,info
6034,ham
6035,info
6036,info
6037,info
6038,ham
6039,info
6040,info
6041,ham
6042,ham
6043,info
6044,ham
6045,ham
6046,spam
6047,ham
6048,ham
6049,info
6050,spam
6051,ham
6052,ham
6053,ham
6054,ham
6055,ham
6056,ham
6057,ham
6058,ham
6059,ham
6060,info
6061,ham
6062,ham
6063,info
6064,ham
6065,ham
6066,info
6067,info
6068,ham
6069,spam
6070,info
6071,ham
6072,info
6073,info
6074,ham
6075,info
6076,spam
6077,ham
6078,info
6079,spam
6080,ham
6081,ham
6082,ham
6083,ham
6084,ham
6085,ham
6086,ham
6087,ham
6088,ham
6089,info
6090,info
6091,info
6092,ham
6093,ham
6094,ham
6095,info
6096,ham
6097,info
6098,info
6099,info
6100,info
6101,info
6102,ham
6103,info
6104,spam
6105,ham
6106,info
6107,ham
6108,info
6109,spam
6110,ham
6111,info
6112,ham
6113,ham
6114,ham
6115,info
6116,spam
6117,ham
6118,info
6119,spam
6120,info
6121,spam
6122,info
6123,ham
6124,ham
6125,info
6126,ham
6127,spam
6128,spam
6129,ham
6130,ham
6131,ham
6132,ham
6133,ham
6134,ham
6135,spam
6136,info
6137,info
6138,ham
6139,info
6140,ham
6141,info
6142,info
6143,ham
6144,info
6145,info
6146,ham
6147,ham
6148,ham
6149,info
6150,info
6151,info
6152,spam
6153,info
6154,ham
6155,ham
6156,ham
6157,ham
6158,ham
6159,info
6160,ham
6161,info
6162,info
6163,ham
6164,info
6165,spam
6166,ham
6167,ham
6168,ham
6169,info
6170,ham
6171,info
6172,ham
6173,ham
6174,ham
6175,ham
6176,info
6177,ham
6178,ham
6179,info
6180,info
6181,ham
6182,info
6183,ham
6184,ham
6185,ham
6186,ham
6187,ham
6188,ham
6189,ham
6190,info
6191,spam
6192,info
6193,ham
6194,ham
6195,ham
6196,ham
6197,info
6198,info
6199,ham
6200,spam
6201,ham
6202,ham
6203,info
6204,ham
6205,ham
6206,ham
6207,ham
6208,info
6209,ham
6210,ham
6211,info
6212,ham
6213,ham
6214,info
6215,info
6216,ham
6217,ham
6218,info
6219,info
6220,ham
6221,spam
6222,info
6223,ham
6224,info
6225,ham
6226,ham
6227,ham
6228,info
6229,ham
6230,info
6231,ham
6232,ham
6233,info
6234,info
6235,ham
6236,ham
6237,ham
6238,ham
6239,info
6240,ham
6241,ham
6242,info
6243,info
6244,info
6245,ham
6246,ham
6247,ham
6248,ham
6249,ham
6250,info
6251,ham
6252,ham
6253,info
6254,ham
6255,ham
6256,ham
6257,info
6258,info
6259,info
6260,info
6261,ham
6262,info
6263,ham
6264,spam
6265,info
6266,info
6267,ham
6268,ham
6269,ham
6270,info
6271,ham
6272,info
6273,ham
6274,ham
6275,ham
6276,info
6277,ham
6278,spam
6279,info
6280,info
6281,info
6282,info
6283,info
6284,info
6285,ham
6286,ham
6287,ham
6288,info
6289,info
6290,ham
6291,info
6292,ham
6293,ham
6294,info
6295,info
6296,ham
6297,ham
6298,ham
6299,info
6300,spam
6301,ham
6302,ham
6303,info
6304,info
6305,ham
6306,info
6307,ham
6308,ham
6309,spam
6310,spam
6311,ham
6312,info
6313,info
6314,ham
6315,ham
6316,info
6317,ham
6318,ham
6319,ham
6320,ham
6321,ham
6322,info
6323,spam
6324,ham
6325,ham
6326,ham
6327,ham
6328,ham
6329,ham
6330,ham
6331,ham
6332,info
6333,info
6334,info
6335,ham
6336,ham
6337,spam
6338,ham
6339,spam
6340,ham
6341,ham
6342,ham
6343,spam
6344,ham
6345,ham
6346,spam
6347,spam
6348,ham
6349,info
6350,info
6351,ham
6352,ham
6353,info
6354,info
6355,info
6356,spam
6357,ham
6358,ham
6359,info
6360,spam
6361,ham
6362,info
6363,ham
6364,ham
6365,ham
6366,ham
6367,ham
6368,ham
6369,ham
6370,ham
6371,info
6372,ham
6373,info
6374,spam
6375,info
6376,info
6377,info
6378,ham
6379,spam
6380,ham
6381,info
6382,ham
6383,info
6384,ham
6385,info
6386,info
6387,ham
6388,ham
6389,info
6390,ham
6391,spam
6392,ham
6393,spam
6394,ham
6395,info
6396,ham
6397,ham
6398,ham
6399,ham
6400,ham
6401,ham
6402,info
6403,ham
6404,ham
6405,ham
6406,ham
6407,info
6408,ham
6409,ham
6410,info
6411,spam
6412,ham
6413,ham
6414,spam
6415,ham
6416,ham
6417,info
6418,spam
6419,ham
6420,info
6421,ham
6422,ham
6423,info
6424,info
6425,info
6426,info
6427,info
6428,info
6429,ham
6430,ham
6431,info
6432,spam
6433,ham
6434,info
6435,info
6436,spam
6437,spam
6438,info
6439,info
6440,ham
6441,ham
6442,ham
6443,ham
6444,ham
6445,ham
6446,info
6447,ham
6448,ham
6449,ham
6450,spam
6451,ham
6452,ham
6453,ham
6454,ham
6455,spam
6456,spam
6457,info
6458,info
6459,info
6460,info
6461,ham
6462,spam
6463,info
6464,ham
6465,ham
6466,ham
6467,info
6468,spam
6469,ham
6470,info
6471,info
6472,info
6473,info
6474,info
6475,ham
6476,ham
6477,ham
6478,ham
6479,info
6480,info
6481,info
6482,ham
6483,ham
6484,ham
6485,info
6486,spam
6487,ham
6488,ham
6489,ham
6490,info
6491,ham
6492,ham
6493,ham
6494,ham
6495,info
6496,ham
6497,spam
6498,ham
6499,ham
6500,spam
6501,ham
6502,spam
6503,ham
6504,ham
6505,info
6506,info
6507,ham
6508,ham
6509,ham
6510,info
6511,info
6512,ham
6513,ham
6514,spam
6515,info
6516,ham
6517,ham
6518,ham
6519,ham
6520,ham
6521,ham
6522,ham
6523,ham
6524,info
6525,ham
6526,ham
6527,ham
6528,info
6529,ham
6530,info
6531,info
6532,info
6533,ham
6534,ham
6535,ham
6536,info
6537,info
6538,ham
6539,ham
6540,info
6541,info
6542,info
6543,ham
6544,info
6545,info
6546,info
6547,ham
6548,spam
6549,info
6550,ham
6551,info
6552,ham
6553,spam
6554,info
6555,info
6556,ham
6557,info
6558,ham
6559,info
6560,ham
6561,info
6562,info
6563,ham
6564,info
6565,ham
6566,info
6567,ham
6568,info
6569,spam
6570,info
6571,ham
6572,ham
6573,ham
6574,ham
6575,info
6576,info
6577,info
6578,ham
6579,info
6580,ham
6581,ham
6582,ham
6583,ham
6584,ham
6585,ham
6586,ham
6587,info
6588,ham
6589,info
6590,ham
6591,ham
6592,ham
6593,spam
6594,ham
6595,ham
6596,info
6597,info
6598,spam
6599,info
6600,info
6601,info
6602,spam
6603,ham
6604,info
6605,ham
6606,info
6607,ham
6608,ham
6609,ham
6610,ham
6611,ham
6612,ham
6613,ham
6614,ham
6615,info
6616,ham
6617,info
6618,info
6619,ham
6620,ham
6621,ham
6622,ham
6623,info
6624,info
6625,ham
6626,info
6627,info
6628,ham
6629,ham
6630,ham
6631,info
6632,ham
6633,ham
6634,info
6635,info
6636,ham
6637,ham
6638,info
6639,ham
6640,ham
6641,ham
6642,ham
6643,ham
6644,info
6645,ham
6646,ham
6647,info
6648,ham
6649,info
6650,ham
6651,spam
6652,info
6653,ham
6654,spam
6655,spam
6656,info
6657,ham
6658,info
6659,spam
6660,ham
6661,ham
6662,info
6663,spam
6664,ham
6665,spam
6666,ham
6667,ham
6668,ham
6669,ham
6670,info
6671,info
6672,ham
6673,ham
6674,ham
6675,info
6676,spam
6677,spam
6678,ham
6679,ham
6680,ham
6681,ham
6682,info
6683,ham
6684,ham
6685,ham
6686,info
6687,info
6688,ham
6689,ham
6690,ham
6691,info
6692,info
6693,info
6694,info
6695,ham
6696,info
6697,spam
6698,info
6699,spam
6700,ham
6701,ham
6702,spam
6703,ham
6704,ham
6705,ham
6706,ham
6707,spam
6708,ham
6709,info
6710,info
6711,info
6712,info
6713,ham
6714,spam
6715,info
6716,info
6717,ham
6718,info
6719,info
6720,ham
6721,spam
6722,ham
6723,spam
6724,ham
6725,ham
6726,ham
6727,ham
6728,ham
6729,info
6730,info
6731,ham
6732,info
6733,info
6734,spam
6735,spam
6736,ham
6737,ham
6738,info
6739,ham
6740,ham
6741,ham
6742,spam
6743,info
6744,ham
6745,ham
6746,ham
6747,ham
6748,ham
6749,ham
6750,info
6751,info
6752,ham
6753,info
6754,spam
6755,ham
6756,ham
6757,ham
6758,ham
6759,spam
6760,ham
6761,ham
6762,ham
6763,info
6764,ham
6765,ham
6766,ham
6767,ham
6768,ham
6769,ham
6770,info
6771,info
6772,ham
6773,info
6774,ham
6775,ham
6776,info
6777,info
6778,ham
6779,info
6780,info
6781,info
6782,ham
6783,ham
6784,ham
6785,spam
6786,ham
6787,ham
6788,ham
6789,info
6790,ham
6791,info
6792,info
6793,info
6794,info
6795,info
6796,spam
6797,spam
6798,info
6799,ham
6800,ham
6801,info
6802,info
6803,ham
6804,info
6805,ham
6806,info
6807,spam
6808,ham
6809,info
6810,ham
6811,ham
6812,ham
6813,ham
6814,info
6815,ham
6816,info
6817,ham
6818,spam
6819,info
6820,spam
6821,ham
6822,spam
6823,ham
6824,info
6825,ham
6826,ham
6827,info
6828,ham
6829,ham
6830,ham
6831,ham
6832,ham
6833,ham
6834,ham
6835,info
6836,ham
6837,ham
6838,ham
6839,ham
6840,info
6841,ham
6842,info
6843,ham
6844,info
6845,ham
6846,ham
6847,ham
6848,info
6849,ham
6850,ham
6851,ham
6852,ham
6853,info
6854,ham
6855,info
6856,ham
6857,info
6858,ham
6859,ham
6860,spam
6861,ham
6862,ham
6863,spam
6864,ham
6865,ham
6866,ham
6867,ham
6868,ham
6869,ham
6870,info
6871,ham
6872,ham
6873,ham
6874,info
6875,info
6876,ham
6877,info
6878,ham
6879,ham
6880,spam
6881,ham
6882,ham
6883,spam
6884,info
6885,spam
6886,info
6887,spam
6888,info
6889,spam
6890,ham
6891,ham
6892,info
6893,info
6894,ham
6895,spam
6896,ham
6897,ham
6898,ham
6899,info
6900,ham
6901,info
6902,info
6903,ham
6904,spam
6905,info
6906,ham
6907,spam
6908,info
6909,info
6910,info
6911,ham
6912,spam
6913,info
6914,ham
6915,ham
6916,ham
6917,ham
6918,ham
6919,ham
6920,ham
6921,info
6922,info
6923,ham
6924,ham
6925,ham
6926,info
6927,info
6928,info
6929,info
6930,info
6931,ham
6932,spam
6933,ham
6934,info
6935,ham
6936,ham
6937,ham
6938,ham
6939,info
6940,ham
6941,ham
6942,info
6943,info
6944,ham
6945,info
6946,ham
6947,ham
6948,ham
6949,info
6950,ham
6951,spam
6952,ham
6953,ham
6954,info
6955,info
6956,spam
6957,ham
6958,spam
6959,info
6960,ham
6961,ham
6962,spam
6963,ham
6964,spam
6965,info
6966,ham
6967,ham
6968,info
6969,ham
6970,info
6971,ham
6972,info
6973,ham
6974,info
6975,ham
6976,info
6977,ham
6978,ham
6979,ham
6980,ham
6981,ham
6982,spam
6983,ham
6984,ham
6985,ham
6986,info
6987,ham
6988,info
6989,info
6990,info
6991,ham
6992,ham
6993,ham
6994,info
6995,info
6996,info
6997,ham
6998,spam
6999,ham
7000,ham
7001,ham
7002,spam
7003,ham
7004,info
7005,info
7006,ham
7007,ham
7008,ham
7009,info
7010,info
7011,info
7012,info
7013,ham
7014,spam
7015,ham
7016,ham
7017,ham
7018,ham
7019,info
7020,spam
7021,ham
7022,info
7023,ham
7024,ham
7025,ham
7026,info
7027,info
7028,ham
7029,spam
7030,ham
7031,info
7032,ham
7033,info
7034,info
7035,spam
7036,ham
7037,info
7038,ham
7039,ham
7040,spam
7041,info
7042,info
7043,ham
7044,info
7045,ham
7046,ham
7047,ham
7048,ham
7049,info
7050,ham
7051,spam
7052,info
7053,info
7054,ham
7055,ham
7056,spam
7057,info
7058,info
7059,ham
7060,ham
7061,ham
7062,ham
7063,info
7064,ham
7065,ham
7066,spam
7067,info
7068,ham
7069,ham
7070,ham
7071,spam
7072,spam
7073,info
7074,ham
7075,spam
7076,spam
7077,ham
7078,ham
7079,info
7080,ham
7081,info
7082,spam
7083,ham
7084,ham
7085,ham
7086,spam
7087,ham
7088,ham
7089,ham
7090,spam
7091,ham
7092,info
7093,ham
7094,ham
7095,ham
7096,ham
7097,info
7098,info
7099,info
7100,spam
7101,spam
7102,ham
7103,ham
7104,ham
7105,ham
7106,ham
7107,ham
7108,ham
7109,ham
7110,spam
7111,ham
7112,spam
7113,info
7114,info
7115,ham
7116,ham
7117,spam
7118,ham
7119,info
7120,ham
7121,ham
7122,ham
7123,ham
7124,ham
7125,info
7126,ham
7127,info
7128,spam
7129,ham
7130,ham
7131,ham
7132,spam
7133,info
7134,ham
7135,ham
7136,ham
7137,info
7138,spam
7139,ham
7140,ham
7141,spam
7142,ham
7143,spam
7144,ham
7145,info
7146,spam
7147,ham
7148,ham
7149,ham
7150,ham
7151,ham
7152,info
7153,ham
7154,info
7155,spam
7156,ham
7157,spam
7158,ham
7159,info
7160,spam
7161,info
7162,spam
7163,info
7164,info
7165,ham
7166,info
7167,ham
7168,ham
7169,ham
7170,info
7171,info
7172,ham
7173,ham
7174,info
7175,ham
7176,ham
7177,info
7178,info
7179,spam
7180,ham
7181,ham
7182,info
7183,ham
7184,info
7185,ham
7186,info
7187,info
7188,ham
7189,ham
7190,spam
7191,ham
7192,info
7193,info
7194,ham
7195,ham
7196,spam
7197,ham
7198,info
7199,ham
7200,ham
7201,ham
7202,spam
7203,info
7204,ham
7205,ham
7206,info
7207,info
7208,ham
7209,ham
7210,ham
7211,spam
7212,ham
7213,info
7214,info
7215,ham
7216,ham
7217,spam
7218,ham
7219,ham
7220,ham
7221,ham
7222,spam
7223,ham
7224,ham
7225,info
7226,ham
7227,info
7228,ham
7229,ham
7230,info
7231,ham
7232,ham
7233,ham
7234,ham
7235,ham
7236,info
7237,spam
7238,info
7239,ham
7240,spam
7241,ham
7242,info
7243,ham
7244,info
7245,spam
7246,info
7247,ham
7248,info
7249,ham
7250,info
7251,ham
7252,ham
7253,ham
7254,info
7255,info
7256,ham
7257,info
7258,info
7259,info
7260,spam
7261,ham
7262,ham
7263,ham
7264,ham
7265,info
7266,ham
7267,info
7268,ham
7269,info
7270,info
7271,spam
7272,ham
7273,ham
7274,spam
7275,spam
7276,info
7277,ham
7278,ham
7279,spam
7280,ham
7281,info
7282,info
7283,info
7284,info
7285,ham
7286,ham
7287,ham
7288,ham
7289,ham
7290,ham
7291,ham
7292,ham
7293,ham
7294,ham
7295,info
7296,ham
7297,ham
7298,ham
7299,ham
7300,info
7301,ham
7302,info
7303,info
7304,ham
7305,info
7306,ham
7307,spam
7308,spam
7309,ham
7310,info
7311,ham
7312,ham
7313,info
7314,spam
7315,ham
7316,ham
7317,ham
7318,info
7319,info
7320,ham
7321,ham
7322,spam
7323,info
7324,info
7325,info
7326,info
7327,info
7328,info
7329,info
7330,info
7331,info
7332,ham
7333,spam
7334,spam
7335,info
7336,info
7337,ham
7338,info
7339,info
7340,ham
7341,info
7342,info
7343,info
7344,ham
7345,spam
7346,ham
7347,info
7348,info
7349,ham
7350,ham
7351,spam
7352,info
7353,spam
7354,ham
7355,info
7356,ham
7357,info
7358,info
7359,info
7360,spam
7361,info
7362,info
7363,info
7364,spam
7365,spam
7366,ham
7367,spam
7368,ham
7369,ham
7370,ham
7371,ham
7372,ham
7373,info
7374,ham
7375,info
7376,info
7377,ham
7378,ham
7379,info
7380,ham
7381,ham
7382,spam
7383,ham
7384,info
7385,spam
7386,ham
7387,ham
7388,info
7389,info
7390,ham
7391,info
7392,ham
7393,info
7394,spam
7395,info
7396,ham
7397,info
7398,info
7399,info
7400,info
7401,ham
7402,ham
7403,spam
7404,info
7405,info
7406,info
7407,info
7408,ham
7409,ham
7410,ham
7411,spam
7412,ham
7413,info
7414,spam
7415,info
7416,ham
7417,ham
7418,ham
7419,info
7420,ham
7421,info
7422,ham
7423,ham
7424,info
7425,ham
7426,spam
7427,ham
7428,spam
7429,ham
7430,info
7431,ham
7432,ham
7433,spam
7434,ham
7435,ham
7436,ham
7437,info
7438,spam
7439,spam
7440,ham
7441,info
7442,ham
7443,ham
7444,ham
7445,info
7446,spam
7447,ham
7448,ham
7449,info
7450,info
7451,info
7452,ham
7453,ham
7454,ham
7455,ham
7456,ham
7457,ham
7458,spam
7459,info
7460,ham
7461,info
7462,ham
7463,ham
7464,ham
7465,info
7466,ham
7467,info
7468,info
7469,info
7470,ham
7471,info
7472,ham
7473,info
7474,info
7475,ham
7476,ham
7477,info
7478,ham
7479,ham
7480,ham
7481,info
7482,ham
7483,ham
7484,info
7485,ham
7486,ham
7487,ham
7488,spam
7489,info
7490,ham
7491,spam
7492,ham
7493,ham
7494,ham
7495,ham
7496,info
7497,ham
7498,info
7499,ham
7500,info
